/* Features for computer technologies*/
insert into feature(feature_id, name, description)
values (1,'Процессор', 'Центральный процессор играет важнейшую роль в вычислительной системе.
    Это его ядро, производящее вычисления, выполняет обработку входящей информации и
    подготовку ее к выводу, управляет подключенными устройствами. Процессор выполняет
    программу (код), загружая ее из оперативной памяти и помещая в память или
    непосредственно в регистры устройств результаты выполнения. От процессора напрямую
    зависит производительность вычислительной системы, он определяет перечень операционных
    систем и прикладных программ, которые поддерживаются компьютером.'),
       (2, 'Видеокарта','Конкретная модель графического адаптера, установленного в
    ноутбуке или моноблоке.'),
       (3, 'Диагональ экрана','Размер экрана по диагонали, измеренный в дюймах.'),
       (4, 'Оперативная память','Оперативная память требуется системным и прикладным
    программам для хранения данных. Чем выше объём памяти, тем выше будет быстродействие.
    Следует помнить, что память объёмом от 4 ГБ и выше поддерживается только на 64-битных
    системах.'),
       (5, 'Тип накопителя','Обычно мобильные компьютеры оснащаются одним отсеком для
    жесткого диска, причем это может быть как классический накопитель, так и твердотельный
    (SSD), на базе флэш-памяти. Некоторые настольные модели могут оснащаться двумя
    отсеками для жестких дисков. В некоторых мини-ноутбуках имеется встроенный несъёмный
    накопитель небольшого объёма.'),
       (6, 'Ёмкость накопителя','Коичество доступной памяти в накопителе'),
       (7, 'Производитель', 'Компания, которая выпустила продукт'),
       (8,'Разрешение экрана','количество пикселей'),
       (9,'Тип матрицы','Используются 3 основные технологии при изготовлении ЖК-дисплеев: TN+film, IPS и MVA.
    TN+film (Twisted Nematic + film)
    Часть «film» в названии технологии означает дополнительный слой, применяемый для увеличения угла обзора (ориентировочно — от 90 до 150°). К сожалению, способа улучшения контрастности и времени отклика для панелей TN пока не нашли, причем время отклика у данного типа матриц является в настоящее время одним из лучших, а вот уровень контрастности — нет. TN+film — самая простая технология.
    К достоинствам технологии можно отнести самое маленькое время отклика среди современных матриц.
    IPS (In-Plane Switching)
    Технология In-Plane Switching была разработана компаниями Hitachi и NEC и предназначалась для избавления от недостатков TN+film. Однако хотя с помощью IPS удалось добиться увеличения угла обзора до 170°, а также высокой контрастности и цветопередачи, время отклика осталось на низком уровне.
    На настоящий момент матрицы, изготовленные по технологии IPS — единственные из ЖК-мониторов передают полную глубину цвета RGB (24 бита, по 8 бит на канал, в отличие от остальных матриц, передающих только по 6 бит на канал).
    IPS в настоящее время вытеснено технологией S-IPS (Super-IPS, Hitachi 1998 год), которая наследует все преимущества технологии IPS с одновременным уменьшением времени отклика. Но несмотря на то, что цветность S-IPS панелей приблизилась к обычным мониторам CRT, контрастность все равно остается слабым местом. S-IPS активно используется в панелях размером от 20", LG.Philips и NEC остаются единственными производителем панелей по данной технологии.
    AS-IPS — технология Advanced Super IPS (расширенная Super-IPS), также была разработана корпорацией Hitachi в 2002 году. В основном улучшения касались уровня контрастности обычных панелей S-IPS, приблизив его к контрастности S-PVA панелей. AS-IPS также используется в качестве названия для мониторов корпорации NEC (например, NEC LCD20WGX2), созданных по технологии S-IPS, разработанной консорциумом LG.Philips.
    A-TW-IPS (Advanced True White IPS — расширенная IPS с «настоящим белым») разработана LG.Philips для корпорации NEC. Представляет собой S-IPS панель с цветовым фильтром TW (True White — «настоящий белый») для придания белому цвету большей реалистичности и расширению цветового диапазона. Этот тип панелей используется при создании профессиональных мониторов для использования в фотолабораториях и (или) издательствах.
    MVA (Multi-Domain Vertical Alignment)
    Эта технология разработана компанией Fujitsu и теоретически является оптимальным компромиссом практически во всех областях. Горизонтальные и вертикальные углы обзора для матриц MVA составляют 160°, время отклика примерно в 2 раза меньше, чем для матриц IPS, а цвета отображаются гораздо более точно, чем на старых TN+Film.
    MVA стала наследницей технологии VA, представленной в 1996 году компанией Fujitsu.
    Достоинствами технологии MVA являются небольшое время реакции, глубокий черный цвет и отсутствие как винтовой структуры кристаллов, так и двойного магнитного поля.
    Аналогами MVA являются технологии PVA от Samsung, ASV от Sharp и Super MVA от CMO.
    NEC разработал и внедрил в свои последние мониторы новый тип матрицы — SA-TFT. Это расшифровывается как Super-Advanced Super Fine TFT, то есть лучшая TFT-матрица. Такой ее назвал производитель за более высокие характеристики по сравнению с предыдущими. Так, например, яркость равна 1500 кд, контрастность 850:1, диагональ 21.3, а разрешение 2048×1536, что даже великовато для такой диагонали.'),
        (10,'Тип принтера','Тип технологии печати: лазерный, струйный, матричный.');



insert into category_feature(category_id, feature_id)
values (100,1),(100,2),(100,4),(100,5),(100,6),(100,3),
       (101,1),(101,2),(101,4),(101,5),(101,6);

insert into advertisement_feature(advertisement_id, feature_id, value)
values (1,1,'AMD Ryzen 7 4800H'),
       (1,2,'NVIDIA GeForce 2060'),
       (1,3,'15.6'),
       (1,4,'8 Gb'),
       (1,5,'SSD'),
       (1,6,'512 Gb'),
       (1,7,'ASUS');

